"<ID|readonly|noverify>";"<English>";"<French>";"<Italian>";"<German>";"<Spanish>";"<Russian>";"<Polish>";"<Czech>";"<Turkish>";"<Chinese>";"<Japanese>";"<Portuguese>";"<Ukrainian>";"<Serbian>";"<Hungarian>";"<Korean>";"<Belarusian>";"<Romanian>";"<TChinese>";"<HChinese>";"<Comments>";"<max_chars>";
//Version 2.31.1//
"attachables/type_89f";"Type 89 Rifle";"Type 89 Rifle";"Type 89 Rifle";"Type 89 Rifle";"Type 89 Rifle";"Type 89 Rifle";"Type 89 Rifle";"Type 89 Rifle";"Type 89 Rifle";"Type 89 Rifle";"Type 89 Rifle";"Type 89 Rifle";"Type 89 Rifle";"Type 89 Rifle";"Type 89 Rifle";"Type 89 Rifle";"Type 89 Rifle";"Type 89 Rifle";"Type 89 Rifle";"Type 89 Rifle";;;
"attachables/type_89f/desc";"Type 89 5.56mm Rifle (Folding Buttstock Type)";"Type 89 5.56mm Rifle (Folding Buttstock Type)";"Type 89 5.56mm Rifle (Folding Buttstock Type)";"Type 89 5.56mm Rifle (Folding Buttstock Type)";"Type 89 5.56mm Rifle (Folding Buttstock Type)";"Type 89 5.56mm Rifle (Folding Buttstock Type)";"Type 89 5.56mm Rifle (Folding Buttstock Type)";"Type 89 5.56mm Rifle (Folding Buttstock Type)";"Type 89 5.56mm Rifle (Folding Buttstock Type)";"Type 89 5.56mm Rifle (Folding Buttstock Type)";"Type 89 5.56mm Rifle (Folding Buttstock Type)";"Type 89 5.56mm Rifle (Folding Buttstock Type)";"Type 89 5.56mm Rifle (Folding Buttstock Type)";"Type 89 5.56mm Rifle (Folding Buttstock Type)";"Type 89 5.56mm Rifle (Folding Buttstock Type)";"Type 89 5.56mm Rifle (Folding Buttstock Type)";"Type 89 5.56mm Rifle (Folding Buttstock Type)";"Type 89 5.56mm Rifle (Folding Buttstock Type)";"Type 89 5.56mm Rifle (Folding Buttstock Type)";"Type 89 5.56mm Rifle (Folding Buttstock Type)";;;
"attachables/sweden_ak5d";"Ak 5D";"Ak 5D";"Ak 5D";"Ak 5D";"Ak 5D";"Ak 5D";"Ak 5D";"Ak 5D";"Ak 5D";"Ak 5D";"Ak 5D";"Ak 5D";"Ak 5D";"Ak 5D";"Ak 5D";"Ak 5D";"Ak 5D";"Ak 5D";"Ak 5D";"Ak 5D";;;
"attachables/sweden_ak5d/desc";"Automatkarbin 5 David";"Automatkarbin 5 David";"Automatkarbin 5 David";"Automatkarbin 5 David";"Automatkarbin 5 David";"Automatkarbin 5 David";"Automatkarbin 5 David";"Automatkarbin 5 David";"Automatkarbin 5 David";"Automatkarbin 5 David";"Automatkarbin 5 David";"Automatkarbin 5 David";"Automatkarbin 5 David";"Automatkarbin 5 David";"Automatkarbin 5 David";"Automatkarbin 5 David";"Automatkarbin 5 David";"Automatkarbin 5 David";"Automatkarbin 5 David";"Automatkarbin 5 David";;;
"attachables/scs_70_90";"SCS 70/90";"SCS 70/90";"SCS 70/90";"SCS 70/90";"SCS 70/90";"SCS 70/90";"SCS 70/90";"SCS 70/90";"SCS 70/90";"SCS 70/90";"SCS 70/90";"SCS 70/90";"SCS 70/90";"SCS 70/90";"SCS 70/90";"SCS 70/90";"SCS 70/90";"SCS 70/90";"SCS 70/90";"SCS 70/90";;;
"attachables/scs_70_90/desc";"Special Carbine, Short 70/90";"Special Carbine, Short 70/90";"Special Carbine, Short 70/90";"Special Carbine, Short 70/90";"Special Carbine, Short 70/90";"Special Carbine, Short 70/90";"Special Carbine, Short 70/90";"Special Carbine, Short 70/90";"Special Carbine, Short 70/90";"Special Carbine, Short 70/90";"Special Carbine, Short 70/90";"Special Carbine, Short 70/90";"Special Carbine, Short 70/90";"Special Carbine, Short 70/90";"Special Carbine, Short 70/90";"Special Carbine, Short 70/90";"Special Carbine, Short 70/90";"Special Carbine, Short 70/90";"Special Carbine, Short 70/90";"Special Carbine, Short 70/90";;;
"attachables/m4_carbine_ag";"M4 Carbine (M203)";"M4 Carbine (M203)";"M4 Carbine (M203)";"M4 Carbine (M203)";"M4 Carbine (M203)";"M4 Carbine (M203)";"M4 Carbine (M203)";"M4 Carbine (M203)";"M4 Carbine (M203)";"M4 Carbine (M203)";"M4 Carbine (M203)";"M4 Carbine (M203)";"M4 Carbine (M203)";"M4 Carbine (M203)";"M4 Carbine (M203)";"M4 Carbine (M203)";"M4 Carbine (M203)";"M4 Carbine (M203)";"M4 Carbine (M203)";"M4 Carbine (M203)";;;
"attachables/m4_carbine_ag/desc";"Carbine, Caliber 5.56 mm, M4 (Launcher, Grenade 40mm, M203)";"Carbine, Caliber 5.56 mm, M4 (Launcher, Grenade 40mm, M203)";"Carbine, Caliber 5.56 mm, M4 (Launcher, Grenade 40mm, M203)";"Carbine, Caliber 5.56 mm, M4 (Launcher, Grenade 40mm, M203)";"Carbine, Caliber 5.56 mm, M4 (Launcher, Grenade 40mm, M203)";"Carbine, Caliber 5.56 mm, M4 (Launcher, Grenade 40mm, M203)";"Carbine, Caliber 5.56 mm, M4 (Launcher, Grenade 40mm, M203)";"Carbine, Caliber 5.56 mm, M4 (Launcher, Grenade 40mm, M203)";"Carbine, Caliber 5.56 mm, M4 (Launcher, Grenade 40mm, M203)";"Carbine, Caliber 5.56 mm, M4 (Launcher, Grenade 40mm, M203)";"Carbine, Caliber 5.56 mm, M4 (Launcher, Grenade 40mm, M203)";"Carbine, Caliber 5.56 mm, M4 (Launcher, Grenade 40mm, M203)";"Carbine, Caliber 5.56 mm, M4 (Launcher, Grenade 40mm, M203)";"Carbine, Caliber 5.56 mm, M4 (Launcher, Grenade 40mm, M203)";"Carbine, Caliber 5.56 mm, M4 (Launcher, Grenade 40mm, M203)";"Carbine, Caliber 5.56 mm, M4 (Launcher, Grenade 40mm, M203)";"Carbine, Caliber 5.56 mm, M4 (Launcher, Grenade 40mm, M203)";"Carbine, Caliber 5.56 mm, M4 (Launcher, Grenade 40mm, M203)";"Carbine, Caliber 5.56 mm, M4 (Launcher, Grenade 40mm, M203)";"Carbine, Caliber 5.56 mm, M4 (Launcher, Grenade 40mm, M203)";;;
"attachables/m4_carbine";"M4 Carbine";"M4 Carbine";"M4 Carbine";"M4 Carbine";"M4 Carbine";"M4 Carbine";"M4 Carbine";"M4 Carbine";"M4 Carbine";"M4 Carbine";"M4 Carbine";"M4 Carbine";"M4 Carbine";"M4 Carbine";"M4 Carbine";"M4 Carbine";"M4 Carbine";"M4 Carbine";"M4 Carbine";"M4 Carbine";;;
"attachables/m4_carbine/desc";"Carbine, Caliber 5.56 mm, M4";"Carbine, Caliber 5.56 mm, M4";"Carbine, Caliber 5.56 mm, M4";"Carbine, Caliber 5.56 mm, M4";"Carbine, Caliber 5.56 mm, M4";"Carbine, Caliber 5.56 mm, M4";"Carbine, Caliber 5.56 mm, M4";"Carbine, Caliber 5.56 mm, M4";"Carbine, Caliber 5.56 mm, M4";"Carbine, Caliber 5.56 mm, M4";"Carbine, Caliber 5.56 mm, M4";"Carbine, Caliber 5.56 mm, M4";"Carbine, Caliber 5.56 mm, M4";"Carbine, Caliber 5.56 mm, M4";"Carbine, Caliber 5.56 mm, M4";"Carbine, Caliber 5.56 mm, M4";"Carbine, Caliber 5.56 mm, M4";"Carbine, Caliber 5.56 mm, M4";"Carbine, Caliber 5.56 mm, M4";"Carbine, Caliber 5.56 mm, M4";;;
"attachables/l85a1";"L85A1";"L85A1";"L85A1";"L85A1";"L85A1";"L85A1";"L85A1";"L85A1";"L85A1";"L85A1";"L85A1";"L85A1";"L85A1";"L85A1";"L85A1";"L85A1";"L85A1";"L85A1";"L85A1";"L85A1";;;
"attachables/l85a1/desc";"Rifle, 5.56mm, L85A1";"Rifle, 5.56mm, L85A1";"Rifle, 5.56mm, L85A1";"Rifle, 5.56mm, L85A1";"Rifle, 5.56mm, L85A1";"Rifle, 5.56mm, L85A1";"Rifle, 5.56mm, L85A1";"Rifle, 5.56mm, L85A1";"Rifle, 5.56mm, L85A1";"Rifle, 5.56mm, L85A1";"Rifle, 5.56mm, L85A1";"Rifle, 5.56mm, L85A1";"Rifle, 5.56mm, L85A1";"Rifle, 5.56mm, L85A1";"Rifle, 5.56mm, L85A1";"Rifle, 5.56mm, L85A1";"Rifle, 5.56mm, L85A1";"Rifle, 5.56mm, L85A1";"Rifle, 5.56mm, L85A1";"Rifle, 5.56mm, L85A1";;;
"attachables/l85a1_ag";"L85A1 (L123A2)";"L85A1 (L123A2)";"L85A1 (L123A2)";"L85A1 (L123A2)";"L85A1 (L123A2)";"L85A1 (L123A2)";"L85A1 (L123A2)";"L85A1 (L123A2)";"L85A1 (L123A2)";"L85A1 (L123A2)";"L85A1 (L123A2)";"L85A1 (L123A2)";"L85A1 (L123A2)";"L85A1 (L123A2)";"L85A1 (L123A2)";"L85A1 (L123A2)";"L85A1 (L123A2)";"L85A1 (L123A2)";"L85A1 (L123A2)";"L85A1 (L123A2)";;;
"attachables/l85a1_ag/desc";"Rifle, 5.56mm, L85A1 (Underslung Grenade Launcher, 40mm, L123A2)";"Rifle, 5.56mm, L85A1 (Underslung Grenade Launcher, 40mm, L123A2)";"Rifle, 5.56mm, L85A1 (Underslung Grenade Launcher, 40mm, L123A2)";"Rifle, 5.56mm, L85A1 (Underslung Grenade Launcher, 40mm, L123A2)";"Rifle, 5.56mm, L85A1 (Underslung Grenade Launcher, 40mm, L123A2)";"Rifle, 5.56mm, L85A1 (Underslung Grenade Launcher, 40mm, L123A2)";"Rifle, 5.56mm, L85A1 (Underslung Grenade Launcher, 40mm, L123A2)";"Rifle, 5.56mm, L85A1 (Underslung Grenade Launcher, 40mm, L123A2)";"Rifle, 5.56mm, L85A1 (Underslung Grenade Launcher, 40mm, L123A2)";"Rifle, 5.56mm, L85A1 (Underslung Grenade Launcher, 40mm, L123A2)";"Rifle, 5.56mm, L85A1 (Underslung Grenade Launcher, 40mm, L123A2)";"Rifle, 5.56mm, L85A1 (Underslung Grenade Launcher, 40mm, L123A2)";"Rifle, 5.56mm, L85A1 (Underslung Grenade Launcher, 40mm, L123A2)";"Rifle, 5.56mm, L85A1 (Underslung Grenade Launcher, 40mm, L123A2)";"Rifle, 5.56mm, L85A1 (Underslung Grenade Launcher, 40mm, L123A2)";"Rifle, 5.56mm, L85A1 (Underslung Grenade Launcher, 40mm, L123A2)";"Rifle, 5.56mm, L85A1 (Underslung Grenade Launcher, 40mm, L123A2)";"Rifle, 5.56mm, L85A1 (Underslung Grenade Launcher, 40mm, L123A2)";"Rifle, 5.56mm, L85A1 (Underslung Grenade Launcher, 40mm, L123A2)";"Rifle, 5.56mm, L85A1 (Underslung Grenade Launcher, 40mm, L123A2)";;;
"attachables/galil_arm";"Galil ARM";"Galil ARM";"Galil ARM";"Galil ARM";"Galil ARM";"Galil ARM";"Galil ARM";"Galil ARM";"Galil ARM";"Galil ARM";"Galil ARM";"Galil ARM";"Galil ARM";"Galil ARM";"Galil ARM";"Galil ARM";"Galil ARM";"Galil ARM";"Galil ARM";"Galil ARM";;;
"attachables/galil_arm/desc";"Galil 5.56mm Assault Rifle/Machine Gun";"Galil 5.56mm Assault Rifle/Machine Gun";"Galil 5.56mm Assault Rifle/Machine Gun";"Galil 5.56mm Assault Rifle/Machine Gun";"Galil 5.56mm Assault Rifle/Machine Gun";"Galil 5.56mm Assault Rifle/Machine Gun";"Galil 5.56mm Assault Rifle/Machine Gun";"Galil 5.56mm Assault Rifle/Machine Gun";"Galil 5.56mm Assault Rifle/Machine Gun";"Galil 5.56mm Assault Rifle/Machine Gun";"Galil 5.56mm Assault Rifle/Machine Gun";"Galil 5.56mm Assault Rifle/Machine Gun";"Galil 5.56mm Assault Rifle/Machine Gun";"Galil 5.56mm Assault Rifle/Machine Gun";"Galil 5.56mm Assault Rifle/Machine Gun";"Galil 5.56mm Assault Rifle/Machine Gun";"Galil 5.56mm Assault Rifle/Machine Gun";"Galil 5.56mm Assault Rifle/Machine Gun";"Galil 5.56mm Assault Rifle/Machine Gun";"Galil 5.56mm Assault Rifle/Machine Gun";;;
"attachables/g36k";"G36K";"G36K";"G36K";"G36K";"G36K";"G36K";"G36K";"G36K";"G36K";"G36K";"G36K";"G36K";"G36K";"G36K";"G36K";"G36K";"G36K";"G36K";"G36K";"G36K";;;
"attachables/g36k/desc";"Gewehr 36 Kurz 5.56mm";"Gewehr 36 Kurz 5.56mm";"Gewehr 36 Kurz 5.56mm";"Gewehr 36 Kurz 5.56mm";"Gewehr 36 Kurz 5.56mm";"Gewehr 36 Kurz 5.56mm";"Gewehr 36 Kurz 5.56mm";"Gewehr 36 Kurz 5.56mm";"Gewehr 36 Kurz 5.56mm";"Gewehr 36 Kurz 5.56mm";"Gewehr 36 Kurz 5.56mm";"Gewehr 36 Kurz 5.56mm";"Gewehr 36 Kurz 5.56mm";"Gewehr 36 Kurz 5.56mm";"Gewehr 36 Kurz 5.56mm";"Gewehr 36 Kurz 5.56mm";"Gewehr 36 Kurz 5.56mm";"Gewehr 36 Kurz 5.56mm";"Gewehr 36 Kurz 5.56mm";"Gewehr 36 Kurz 5.56mm";;;
"attachables/g36k_ag";"G36K (AG40-2)";"G36K (AG40-2)";"G36K (AG40-2)";"G36K (AG40-2)";"G36K (AG40-2)";"G36K (AG40-2)";"G36K (AG40-2)";"G36K (AG40-2)";"G36K (AG40-2)";"G36K (AG40-2)";"G36K (AG40-2)";"G36K (AG40-2)";"G36K (AG40-2)";"G36K (AG40-2)";"G36K (AG40-2)";"G36K (AG40-2)";"G36K (AG40-2)";"G36K (AG40-2)";"G36K (AG40-2)";"G36K (AG40-2)";;;
"attachables/g36k_ag/desc";"Gewehr 36 Kurz 5.56mm (Anbau Granatwerfer 36 40mm)";"Gewehr 36 Kurz 5.56mm (Anbau Granatwerfer 36 40mm)";"Gewehr 36 Kurz 5.56mm (Anbau Granatwerfer 36 40mm)";"Gewehr 36 Kurz 5.56mm (Anbau Granatwerfer 36 40mm)";"Gewehr 36 Kurz 5.56mm (Anbau Granatwerfer 36 40mm)";"Gewehr 36 Kurz 5.56mm (Anbau Granatwerfer 36 40mm)";"Gewehr 36 Kurz 5.56mm (Anbau Granatwerfer 36 40mm)";"Gewehr 36 Kurz 5.56mm (Anbau Granatwerfer 36 40mm)";"Gewehr 36 Kurz 5.56mm (Anbau Granatwerfer 36 40mm)";"Gewehr 36 Kurz 5.56mm (Anbau Granatwerfer 36 40mm)";"Gewehr 36 Kurz 5.56mm (Anbau Granatwerfer 36 40mm)";"Gewehr 36 Kurz 5.56mm (Anbau Granatwerfer 36 40mm)";"Gewehr 36 Kurz 5.56mm (Anbau Granatwerfer 36 40mm)";"Gewehr 36 Kurz 5.56mm (Anbau Granatwerfer 36 40mm)";"Gewehr 36 Kurz 5.56mm (Anbau Granatwerfer 36 40mm)";"Gewehr 36 Kurz 5.56mm (Anbau Granatwerfer 36 40mm)";"Gewehr 36 Kurz 5.56mm (Anbau Granatwerfer 36 40mm)";"Gewehr 36 Kurz 5.56mm (Anbau Granatwerfer 36 40mm)";"Gewehr 36 Kurz 5.56mm (Anbau Granatwerfer 36 40mm)";"Gewehr 36 Kurz 5.56mm (Anbau Granatwerfer 36 40mm)";;;
"attachables/famas_f1";"FA-MAS F1";"FA-MAS F1";"FA-MAS F1";"FA-MAS F1";"FA-MAS F1";"FA-MAS F1";"FA-MAS F1";"FA-MAS F1";"FA-MAS F1";"FA-MAS F1";"FA-MAS F1";"FA-MAS F1";"FA-MAS F1";"FA-MAS F1";"FA-MAS F1";"FA-MAS F1";"FA-MAS F1";"FA-MAS F1";"FA-MAS F1";"FA-MAS F1";;;
"attachables/famas_f1/desc";"Fusil d'Assaut de la Manufacture d'Armes de Saint-Étienne F1 5.56mm";"Fusil d'Assaut de la Manufacture d'Armes de Saint-Étienne F1 5.56mm";"Fusil d'Assaut de la Manufacture d'Armes de Saint-Étienne F1 5.56mm";"Fusil d'Assaut de la Manufacture d'Armes de Saint-Étienne F1 5.56mm";"Fusil d'Assaut de la Manufacture d'Armes de Saint-Étienne F1 5.56mm";"Fusil d'Assaut de la Manufacture d'Armes de Saint-Étienne F1 5.56mm";"Fusil d'Assaut de la Manufacture d'Armes de Saint-Étienne F1 5.56mm";"Fusil d'Assaut de la Manufacture d'Armes de Saint-Étienne F1 5.56mm";"Fusil d'Assaut de la Manufacture d'Armes de Saint-Étienne F1 5.56mm";"Fusil d'Assaut de la Manufacture d'Armes de Saint-Étienne F1 5.56mm";"Fusil d'Assaut de la Manufacture d'Armes de Saint-Étienne F1 5.56mm";"Fusil d'Assaut de la Manufacture d'Armes de Saint-Étienne F1 5.56mm";"Fusil d'Assaut de la Manufacture d'Armes de Saint-Étienne F1 5.56mm";"Fusil d'Assaut de la Manufacture d'Armes de Saint-Étienne F1 5.56mm";"Fusil d'Assaut de la Manufacture d'Armes de Saint-Étienne F1 5.56mm";"Fusil d'Assaut de la Manufacture d'Armes de Saint-Étienne F1 5.56mm";"Fusil d'Assaut de la Manufacture d'Armes de Saint-Étienne F1 5.56mm";"Fusil d'Assaut de la Manufacture d'Armes de Saint-Étienne F1 5.56mm";"Fusil d'Assaut de la Manufacture d'Armes de Saint-Étienne F1 5.56mm";"Fusil d'Assaut de la Manufacture d'Armes de Saint-Étienne F1 5.56mm";;;
"attachables/cn_qbz_95";"QBZ-95";"QBZ-95";"QBZ-95";"QBZ-95";"QBZ-95";"QBZ-95";"QBZ-95";"QBZ-95";"QBZ-95";"QBZ-95";"QBZ-95";"QBZ-95";"QBZ-95";"QBZ-95";"QBZ-95";"QBZ-95";"QBZ-95";"QBZ-95";"QBZ-95";"QBZ-95";;;
"attachables/cn_qbz_95/desc";"Light Weapon, Rifle, Automatic, 95";"Light Weapon, Rifle, Automatic, 95";"Light Weapon, Rifle, Automatic, 95";"Light Weapon, Rifle, Automatic, 95";"Light Weapon, Rifle, Automatic, 95";"Light Weapon, Rifle, Automatic, 95";"Light Weapon, Rifle, Automatic, 95";"Light Weapon, Rifle, Automatic, 95";"Light Weapon, Rifle, Automatic, 95";"Light Weapon, Rifle, Automatic, 95";"Light Weapon, Rifle, Automatic, 95";"Light Weapon, Rifle, Automatic, 95";"Light Weapon, Rifle, Automatic, 95";"Light Weapon, Rifle, Automatic, 95";"Light Weapon, Rifle, Automatic, 95";"Light Weapon, Rifle, Automatic, 95";"Light Weapon, Rifle, Automatic, 95";"Light Weapon, Rifle, Automatic, 95";"Light Weapon, Rifle, Automatic, 95";"Light Weapon, Rifle, Automatic, 95";;;
"attachables/cn_qbz_95_ag";"QBZ-95 (QLG-91B)";"QBZ-95 (QLG-91B)";"QBZ-95 (QLG-91B)";"QBZ-95 (QLG-91B)";"QBZ-95 (QLG-91B)";"QBZ-95 (QLG-91B)";"QBZ-95 (QLG-91B)";"QBZ-95 (QLG-91B)";"QBZ-95 (QLG-91B)";"QBZ-95 (QLG-91B)";"QBZ-95 (QLG-91B)";"QBZ-95 (QLG-91B)";"QBZ-95 (QLG-91B)";"QBZ-95 (QLG-91B)";"QBZ-95 (QLG-91B)";"QBZ-95 (QLG-91B)";"QBZ-95 (QLG-91B)";"QBZ-95 (QLG-91B)";"QBZ-95 (QLG-91B)";"QBZ-95 (QLG-91B)";;;
"attachables/cn_qbz_95_ag/desc";"Light Weapon, Rifle, Automatic, 95 (Light Weapon, Grenade, Mounted, 91B)";"Light Weapon, Rifle, Automatic, 95 (Light Weapon, Grenade, Mounted, 91B)";"Light Weapon, Rifle, Automatic, 95 (Light Weapon, Grenade, Mounted, 91B)";"Light Weapon, Rifle, Automatic, 95 (Light Weapon, Grenade, Mounted, 91B)";"Light Weapon, Rifle, Automatic, 95 (Light Weapon, Grenade, Mounted, 91B)";"Light Weapon, Rifle, Automatic, 95 (Light Weapon, Grenade, Mounted, 91B)";"Light Weapon, Rifle, Automatic, 95 (Light Weapon, Grenade, Mounted, 91B)";"Light Weapon, Rifle, Automatic, 95 (Light Weapon, Grenade, Mounted, 91B)";"Light Weapon, Rifle, Automatic, 95 (Light Weapon, Grenade, Mounted, 91B)";"Light Weapon, Rifle, Automatic, 95 (Light Weapon, Grenade, Mounted, 91B)";"Light Weapon, Rifle, Automatic, 95 (Light Weapon, Grenade, Mounted, 91B)";"Light Weapon, Rifle, Automatic, 95 (Light Weapon, Grenade, Mounted, 91B)";"Light Weapon, Rifle, Automatic, 95 (Light Weapon, Grenade, Mounted, 91B)";"Light Weapon, Rifle, Automatic, 95 (Light Weapon, Grenade, Mounted, 91B)";"Light Weapon, Rifle, Automatic, 95 (Light Weapon, Grenade, Mounted, 91B)";"Light Weapon, Rifle, Automatic, 95 (Light Weapon, Grenade, Mounted, 91B)";"Light Weapon, Rifle, Automatic, 95 (Light Weapon, Grenade, Mounted, 91B)";"Light Weapon, Rifle, Automatic, 95 (Light Weapon, Grenade, Mounted, 91B)";"Light Weapon, Rifle, Automatic, 95 (Light Weapon, Grenade, Mounted, 91B)";"Light Weapon, Rifle, Automatic, 95 (Light Weapon, Grenade, Mounted, 91B)";;;
"attachables/cetme_mod_lc";"Cetme LC";"Cetme LC";"Cetme LC";"Cetme LC";"Cetme LC";"Cetme LC";"Cetme LC";"Cetme LC";"Cetme LC";"Cetme LC";"Cetme LC";"Cetme LC";"Cetme LC";"Cetme LC";"Cetme LC";"Cetme LC";"Cetme LC";"Cetme LC";"Cetme LC";"Cetme LC";;;
"attachables/cetme_mod_lc/desc";"Fusil de Asalto Cetme Modelo LC 5.56mm";"Fusil de Asalto Cetme Modelo LC 5.56mm";"Fusil de Asalto Cetme Modelo LC 5.56mm";"Fusil de Asalto Cetme Modelo LC 5.56mm";"Fusil de Asalto Cetme Modelo LC 5.56mm";"Fusil de Asalto Cetme Modelo LC 5.56mm";"Fusil de Asalto Cetme Modelo LC 5.56mm";"Fusil de Asalto Cetme Modelo LC 5.56mm";"Fusil de Asalto Cetme Modelo LC 5.56mm";"Fusil de Asalto Cetme Modelo LC 5.56mm";"Fusil de Asalto Cetme Modelo LC 5.56mm";"Fusil de Asalto Cetme Modelo LC 5.56mm";"Fusil de Asalto Cetme Modelo LC 5.56mm";"Fusil de Asalto Cetme Modelo LC 5.56mm";"Fusil de Asalto Cetme Modelo LC 5.56mm";"Fusil de Asalto Cetme Modelo LC 5.56mm";"Fusil de Asalto Cetme Modelo LC 5.56mm";"Fusil de Asalto Cetme Modelo LC 5.56mm";"Fusil de Asalto Cetme Modelo LC 5.56mm";"Fusil de Asalto Cetme Modelo LC 5.56mm";;;
"attachables/aps";"APS";"APS";"APS";"APS";"APS";"APS";"APS";"APS";"APS";"APS";"APS";"APS";"APS";"APS";"APS";"APS";"APS";"APS";"APS";"APS";;;
"attachables/aps/desc";"Avtomat Podvodny Spetsialnyy";"Avtomat Podvodny Spetsialnyy";"Avtomat Podvodny Spetsialnyy";"Avtomat Podvodny Spetsialnyy";"Avtomat Podvodny Spetsialnyy";"Avtomat Podvodny Spetsialnyy";"Avtomat Podvodny Spetsialnyy";"Avtomat Podvodny Spetsialnyy";"Avtomat Podvodny Spetsialnyy";"Avtomat Podvodny Spetsialnyy";"Avtomat Podvodny Spetsialnyy";"Avtomat Podvodny Spetsialnyy";"Avtomat Podvodny Spetsialnyy";"Avtomat Podvodny Spetsialnyy";"Avtomat Podvodny Spetsialnyy";"Avtomat Podvodny Spetsialnyy";"Avtomat Podvodny Spetsialnyy";"Avtomat Podvodny Spetsialnyy";"Avtomat Podvodny Spetsialnyy";"Avtomat Podvodny Spetsialnyy";;;
"attachables/aks_74u";"AKS-74U";"AKS-74U";"AKS-74U";"AKS-74U";"AKS-74U";"AKS-74U";"AKS-74U";"AKS-74U";"AKS-74U";"AKS-74U";"AKS-74U";"AKS-74U";"AKS-74U";"AKS-74U";"AKS-74U";"AKS-74U";"AKS-74U";"AKS-74U";"AKS-74U";"AKS-74U";;;
"attachables/aks_74u/desc";"5.45×39mm Folding Shortened Kalashnikov Automatic Rifle, AKS-74U (6P26)";"5.45×39mm Folding Shortened Kalashnikov Automatic Rifle, AKS-74U (6P26)";"5.45×39mm Folding Shortened Kalashnikov Automatic Rifle, AKS-74U (6P26)";"5.45×39mm Folding Shortened Kalashnikov Automatic Rifle, AKS-74U (6P26)";"5.45×39mm Folding Shortened Kalashnikov Automatic Rifle, AKS-74U (6P26)";"5.45×39mm Folding Shortened Kalashnikov Automatic Rifle, AKS-74U (6P26)";"5.45×39mm Folding Shortened Kalashnikov Automatic Rifle, AKS-74U (6P26)";"5.45×39mm Folding Shortened Kalashnikov Automatic Rifle, AKS-74U (6P26)";"5.45×39mm Folding Shortened Kalashnikov Automatic Rifle, AKS-74U (6P26)";"5.45×39mm Folding Shortened Kalashnikov Automatic Rifle, AKS-74U (6P26)";"5.45×39mm Folding Shortened Kalashnikov Automatic Rifle, AKS-74U (6P26)";"5.45×39mm Folding Shortened Kalashnikov Automatic Rifle, AKS-74U (6P26)";"5.45×39mm Folding Shortened Kalashnikov Automatic Rifle, AKS-74U (6P26)";"5.45×39mm Folding Shortened Kalashnikov Automatic Rifle, AKS-74U (6P26)";"5.45×39mm Folding Shortened Kalashnikov Automatic Rifle, AKS-74U (6P26)";"5.45×39mm Folding Shortened Kalashnikov Automatic Rifle, AKS-74U (6P26)";"5.45×39mm Folding Shortened Kalashnikov Automatic Rifle, AKS-74U (6P26)";"5.45×39mm Folding Shortened Kalashnikov Automatic Rifle, AKS-74U (6P26)";"5.45×39mm Folding Shortened Kalashnikov Automatic Rifle, AKS-74U (6P26)";"5.45×39mm Folding Shortened Kalashnikov Automatic Rifle, AKS-74U (6P26)";;;
"attachables/akms";"AKMS";"AKMS";"AKMS";"AKMS";"AKMS";"AKMS";"AKMS";"AKMS";"AKMS";"AKMS";"AKMS";"AKMS";"AKMS";"AKMS";"AKMS";"AKMS";"AKMS";"AKMS";"AKMS";"AKMS";;;
"attachables/akms/desc";"7.62×39mm Folding Modernised Kalashnikov Automatic Rifle, AKMS";"7.62×39mm Folding Modernised Kalashnikov Automatic Rifle, AKMS";"7.62×39mm Folding Modernised Kalashnikov Automatic Rifle, AKMS";"7.62×39mm Folding Modernised Kalashnikov Automatic Rifle, AKMS";"7.62×39mm Folding Modernised Kalashnikov Automatic Rifle, AKMS";"7.62×39mm Folding Modernised Kalashnikov Automatic Rifle, AKMS";"7.62×39mm Folding Modernised Kalashnikov Automatic Rifle, AKMS";"7.62×39mm Folding Modernised Kalashnikov Automatic Rifle, AKMS";"7.62×39mm Folding Modernised Kalashnikov Automatic Rifle, AKMS";"7.62×39mm Folding Modernised Kalashnikov Automatic Rifle, AKMS";"7.62×39mm Folding Modernised Kalashnikov Automatic Rifle, AKMS";"7.62×39mm Folding Modernised Kalashnikov Automatic Rifle, AKMS";"7.62×39mm Folding Modernised Kalashnikov Automatic Rifle, AKMS";"7.62×39mm Folding Modernised Kalashnikov Automatic Rifle, AKMS";"7.62×39mm Folding Modernised Kalashnikov Automatic Rifle, AKMS";"7.62×39mm Folding Modernised Kalashnikov Automatic Rifle, AKMS";"7.62×39mm Folding Modernised Kalashnikov Automatic Rifle, AKMS";"7.62×39mm Folding Modernised Kalashnikov Automatic Rifle, AKMS";"7.62×39mm Folding Modernised Kalashnikov Automatic Rifle, AKMS";"7.62×39mm Folding Modernised Kalashnikov Automatic Rifle, AKMS";;;
"attachables/akms_premium";"AKMS (Gold-Plated)";"AKMS (Gold-Plated)";"AKMS (Gold-Plated)";"AKMS (Gold-Plated)";"AKMS (Gold-Plated)";"AKMS (Gold-Plated)";"AKMS (Gold-Plated)";"AKMS (Gold-Plated)";"AKMS (Gold-Plated)";"AKMS (Gold-Plated)";"AKMS (Gold-Plated)";"AKMS (Gold-Plated)";"AKMS (Gold-Plated)";"AKMS (Gold-Plated)";"AKMS (Gold-Plated)";"AKMS (Gold-Plated)";"AKMS (Gold-Plated)";"AKMS (Gold-Plated)";"AKMS (Gold-Plated)";"AKMS (Gold-Plated)";;;
"attachables/akms_premium/desc";"7.62×39mm Folding Modernised Kalashnikov Automatic Rifle, AKMS (Gold-Plated) \nThe ideal weapon for dictators and drug dealers. But you have a tank.";"7.62×39mm Folding Modernised Kalashnikov Automatic Rifle, AKMS (Gold-Plated) \nThe ideal weapon for dictators and drug dealers. But you have a tank.";"7.62×39mm Folding Modernised Kalashnikov Automatic Rifle, AKMS (Gold-Plated) \nThe ideal weapon for dictators and drug dealers. But you have a tank.";"7.62×39mm Folding Modernised Kalashnikov Automatic Rifle, AKMS (Gold-Plated) \nThe ideal weapon for dictators and drug dealers. But you have a tank.";"7.62×39mm Folding Modernised Kalashnikov Automatic Rifle, AKMS (Gold-Plated) \nThe ideal weapon for dictators and drug dealers. But you have a tank.";"7.62×39mm Folding Modernised Kalashnikov Automatic Rifle, AKMS (Gold-Plated) \nThe ideal weapon for dictators and drug dealers. But you have a tank.";"7.62×39mm Folding Modernised Kalashnikov Automatic Rifle, AKMS (Gold-Plated) \nThe ideal weapon for dictators and drug dealers. But you have a tank.";"7.62×39mm Folding Modernised Kalashnikov Automatic Rifle, AKMS (Gold-Plated) \nThe ideal weapon for dictators and drug dealers. But you have a tank.";"7.62×39mm Folding Modernised Kalashnikov Automatic Rifle, AKMS (Gold-Plated) \nThe ideal weapon for dictators and drug dealers. But you have a tank.";"7.62×39mm Folding Modernised Kalashnikov Automatic Rifle, AKMS (Gold-Plated) \nThe ideal weapon for dictators and drug dealers. But you have a tank.";"7.62×39mm Folding Modernised Kalashnikov Automatic Rifle, AKMS (Gold-Plated) \nThe ideal weapon for dictators and drug dealers. But you have a tank.";"7.62×39mm Folding Modernised Kalashnikov Automatic Rifle, AKMS (Gold-Plated) \nThe ideal weapon for dictators and drug dealers. But you have a tank.";"7.62×39mm Folding Modernised Kalashnikov Automatic Rifle, AKMS (Gold-Plated) \nThe ideal weapon for dictators and drug dealers. But you have a tank.";"7.62×39mm Folding Modernised Kalashnikov Automatic Rifle, AKMS (Gold-Plated) \nThe ideal weapon for dictators and drug dealers. But you have a tank.";"7.62×39mm Folding Modernised Kalashnikov Automatic Rifle, AKMS (Gold-Plated) \nThe ideal weapon for dictators and drug dealers. But you have a tank.";"7.62×39mm Folding Modernised Kalashnikov Automatic Rifle, AKMS (Gold-Plated) \nThe ideal weapon for dictators and drug dealers. But you have a tank.";"7.62×39mm Folding Modernised Kalashnikov Automatic Rifle, AKMS (Gold-Plated) \nThe ideal weapon for dictators and drug dealers. But you have a tank.";"7.62×39mm Folding Modernised Kalashnikov Automatic Rifle, AKMS (Gold-Plated) \nThe ideal weapon for dictators and drug dealers. But you have a tank.";"7.62×39mm Folding Modernised Kalashnikov Automatic Rifle, AKMS (Gold-Plated) \nThe ideal weapon for dictators and drug dealers. But you have a tank.";"7.62×39mm Folding Modernised Kalashnikov Automatic Rifle, AKMS (Gold-Plated) \nThe ideal weapon for dictators and drug dealers. But you have a tank.";;;
"attachables/akms_ag";"AKMS (GP-25)";"AKMS (GP-25)";"AKMS (GP-25)";"AKMS (GP-25)";"AKMS (GP-25)";"AKMS (GP-25)";"AKMS (GP-25)";"AKMS (GP-25)";"AKMS (GP-25)";"AKMS (GP-25)";"AKMS (GP-25)";"AKMS (GP-25)";"AKMS (GP-25)";"AKMS (GP-25)";"AKMS (GP-25)";"AKMS (GP-25)";"AKMS (GP-25)";"AKMS (GP-25)";"AKMS (GP-25)";"AKMS (GP-25)";;;
"attachables/akms_ag/desc";"7.62×39mm Folding Modernised Kalashnikov Automatic Rifle, AKMS (25mm Under-Barrel Grenade Launcher, GP-25)";"7.62×39mm Folding Modernised Kalashnikov Automatic Rifle, AKMS (25mm Under-Barrel Grenade Launcher, GP-25)";"7.62×39mm Folding Modernised Kalashnikov Automatic Rifle, AKMS (25mm Under-Barrel Grenade Launcher, GP-25)";"7.62×39mm Folding Modernised Kalashnikov Automatic Rifle, AKMS (25mm Under-Barrel Grenade Launcher, GP-25)";"7.62×39mm Folding Modernised Kalashnikov Automatic Rifle, AKMS (25mm Under-Barrel Grenade Launcher, GP-25)";"7.62×39mm Folding Modernised Kalashnikov Automatic Rifle, AKMS (25mm Under-Barrel Grenade Launcher, GP-25)";"7.62×39mm Folding Modernised Kalashnikov Automatic Rifle, AKMS (25mm Under-Barrel Grenade Launcher, GP-25)";"7.62×39mm Folding Modernised Kalashnikov Automatic Rifle, AKMS (25mm Under-Barrel Grenade Launcher, GP-25)";"7.62×39mm Folding Modernised Kalashnikov Automatic Rifle, AKMS (25mm Under-Barrel Grenade Launcher, GP-25)";"7.62×39mm Folding Modernised Kalashnikov Automatic Rifle, AKMS (25mm Under-Barrel Grenade Launcher, GP-25)";"7.62×39mm Folding Modernised Kalashnikov Automatic Rifle, AKMS (25mm Under-Barrel Grenade Launcher, GP-25)";"7.62×39mm Folding Modernised Kalashnikov Automatic Rifle, AKMS (25mm Under-Barrel Grenade Launcher, GP-25)";"7.62×39mm Folding Modernised Kalashnikov Automatic Rifle, AKMS (25mm Under-Barrel Grenade Launcher, GP-25)";"7.62×39mm Folding Modernised Kalashnikov Automatic Rifle, AKMS (25mm Under-Barrel Grenade Launcher, GP-25)";"7.62×39mm Folding Modernised Kalashnikov Automatic Rifle, AKMS (25mm Under-Barrel Grenade Launcher, GP-25)";"7.62×39mm Folding Modernised Kalashnikov Automatic Rifle, AKMS (25mm Under-Barrel Grenade Launcher, GP-25)";"7.62×39mm Folding Modernised Kalashnikov Automatic Rifle, AKMS (25mm Under-Barrel Grenade Launcher, GP-25)";"7.62×39mm Folding Modernised Kalashnikov Automatic Rifle, AKMS (25mm Under-Barrel Grenade Launcher, GP-25)";"7.62×39mm Folding Modernised Kalashnikov Automatic Rifle, AKMS (25mm Under-Barrel Grenade Launcher, GP-25)";"7.62×39mm Folding Modernised Kalashnikov Automatic Rifle, AKMS (25mm Under-Barrel Grenade Launcher, GP-25)";;;
"attachables/akm_47";"AKM";"AKM";"AKM";"AKM";"AKM";"AKM";"AKM";"AKM";"AKM";"AKM";"AKM";"AKM";"AKM";"AKM";"AKM";"AKM";"AKM";"AKM";"AKM";"AKM";;;
"attachables/akm_47/desc";"7.62×39mm Modernised Kalashnikov Automatic Rifle, AKM";"7.62×39mm Modernised Kalashnikov Automatic Rifle, AKM";"7.62×39mm Modernised Kalashnikov Automatic Rifle, AKM";"7.62×39mm Modernised Kalashnikov Automatic Rifle, AKM";"7.62×39mm Modernised Kalashnikov Automatic Rifle, AKM";"7.62×39mm Modernised Kalashnikov Automatic Rifle, AKM";"7.62×39mm Modernised Kalashnikov Automatic Rifle, AKM";"7.62×39mm Modernised Kalashnikov Automatic Rifle, AKM";"7.62×39mm Modernised Kalashnikov Automatic Rifle, AKM";"7.62×39mm Modernised Kalashnikov Automatic Rifle, AKM";"7.62×39mm Modernised Kalashnikov Automatic Rifle, AKM";"7.62×39mm Modernised Kalashnikov Automatic Rifle, AKM";"7.62×39mm Modernised Kalashnikov Automatic Rifle, AKM";"7.62×39mm Modernised Kalashnikov Automatic Rifle, AKM";"7.62×39mm Modernised Kalashnikov Automatic Rifle, AKM";"7.62×39mm Modernised Kalashnikov Automatic Rifle, AKM";"7.62×39mm Modernised Kalashnikov Automatic Rifle, AKM";"7.62×39mm Modernised Kalashnikov Automatic Rifle, AKM";"7.62×39mm Modernised Kalashnikov Automatic Rifle, AKM";"7.62×39mm Modernised Kalashnikov Automatic Rifle, AKM";;;
"attachables/ak_103";"AK-103";"AK-103";"AK-103";"AK-103";"AK-103";"AK-103";"AK-103";"AK-103";"AK-103";"AK-103";"AK-103";"AK-103";"AK-103";"AK-103";"AK-103";"AK-103";"AK-103";"AK-103";"AK-103";"AK-103";;;
"attachables/ak_103/desc";"7.62×39mm Kalashnikov Automatic Rifle Obrazca 1974, AK-103 (6P45)";"7.62×39mm Kalashnikov Automatic Rifle Obrazca 1974, AK-103 (6P45)";"7.62×39mm Kalashnikov Automatic Rifle Obrazca 1974, AK-103 (6P45)";"7.62×39mm Kalashnikov Automatic Rifle Obrazca 1974, AK-103 (6P45)";"7.62×39mm Kalashnikov Automatic Rifle Obrazca 1974, AK-103 (6P45)";"7.62×39mm Kalashnikov Automatic Rifle Obrazca 1974, AK-103 (6P45)";"7.62×39mm Kalashnikov Automatic Rifle Obrazca 1974, AK-103 (6P45)";"7.62×39mm Kalashnikov Automatic Rifle Obrazca 1974, AK-103 (6P45)";"7.62×39mm Kalashnikov Automatic Rifle Obrazca 1974, AK-103 (6P45)";"7.62×39mm Kalashnikov Automatic Rifle Obrazca 1974, AK-103 (6P45)";"7.62×39mm Kalashnikov Automatic Rifle Obrazca 1974, AK-103 (6P45)";"7.62×39mm Kalashnikov Automatic Rifle Obrazca 1974, AK-103 (6P45)";"7.62×39mm Kalashnikov Automatic Rifle Obrazca 1974, AK-103 (6P45)";"7.62×39mm Kalashnikov Automatic Rifle Obrazca 1974, AK-103 (6P45)";"7.62×39mm Kalashnikov Automatic Rifle Obrazca 1974, AK-103 (6P45)";"7.62×39mm Kalashnikov Automatic Rifle Obrazca 1974, AK-103 (6P45)";"7.62×39mm Kalashnikov Automatic Rifle Obrazca 1974, AK-103 (6P45)";"7.62×39mm Kalashnikov Automatic Rifle Obrazca 1974, AK-103 (6P45)";"7.62×39mm Kalashnikov Automatic Rifle Obrazca 1974, AK-103 (6P45)";"7.62×39mm Kalashnikov Automatic Rifle Obrazca 1974, AK-103 (6P45)";;;
"attachables/decor_dakimakura_anime_usa";"Stars and Stripes Sweetie dakimakura";"Stars and Stripes Sweetie dakimakura";"Stars and Stripes Sweetie dakimakura";"Stars and Stripes Sweetie dakimakura";"Stars and Stripes Sweetie dakimakura";"Stars and Stripes Sweetie dakimakura";"Stars and Stripes Sweetie dakimakura";"Stars and Stripes Sweetie dakimakura";"Stars and Stripes Sweetie dakimakura";"Stars and Stripes Sweetie dakimakura";"Stars and Stripes Sweetie dakimakura";"Stars and Stripes Sweetie dakimakura";"Stars and Stripes Sweetie dakimakura";"Stars and Stripes Sweetie dakimakura";"Stars and Stripes Sweetie dakimakura";"Stars and Stripes Sweetie dakimakura";"Stars and Stripes Sweetie dakimakura";"Stars and Stripes Sweetie dakimakura";"Stars and Stripes Sweetie dakimakura";"Stars and Stripes Sweetie dakimakura";;;
"attachables/decor_dakimakura_anime_usa/desc";"Fight for the Sweetie with a Stars and Stripes pattern secret that she might just share during a night battle if you win.\nArtist: Karo (カロ)";"Fight for the Sweetie with a Stars and Stripes pattern secret that she might just share during a night battle if you win.\nArtist: Karo (カロ)";"Fight for the Sweetie with a Stars and Stripes pattern secret that she might just share during a night battle if you win.\nArtist: Karo (カロ)";"Fight for the Sweetie with a Stars and Stripes pattern secret that she might just share during a night battle if you win.\nArtist: Karo (カロ)";"Fight for the Sweetie with a Stars and Stripes pattern secret that she might just share during a night battle if you win.\nArtist: Karo (カロ)";"Fight for the Sweetie with a Stars and Stripes pattern secret that she might just share during a night battle if you win.\nArtist: Karo (カロ)";"Fight for the Sweetie with a Stars and Stripes pattern secret that she might just share during a night battle if you win.\nArtist: Karo (カロ)";"Fight for the Sweetie with a Stars and Stripes pattern secret that she might just share during a night battle if you win.\nArtist: Karo (カロ)";"Fight for the Sweetie with a Stars and Stripes pattern secret that she might just share during a night battle if you win.\nArtist: Karo (カロ)";"Fight for the Sweetie with a Stars and Stripes pattern secret that she might just share during a night battle if you win.\nArtist: Karo (カロ)";"Fight for the Sweetie with a Stars and Stripes pattern secret that she might just share during a night battle if you win.\nArtist: Karo (カロ)";"Fight for the Sweetie with a Stars and Stripes pattern secret that she might just share during a night battle if you win.\nArtist: Karo (カロ)";"Fight for the Sweetie with a Stars and Stripes pattern secret that she might just share during a night battle if you win.\nArtist: Karo (カロ)";"Fight for the Sweetie with a Stars and Stripes pattern secret that she might just share during a night battle if you win.\nArtist: Karo (カロ)";"Fight for the Sweetie with a Stars and Stripes pattern secret that she might just share during a night battle if you win.\nArtist: Karo (カロ)";"Fight for the Sweetie with a Stars and Stripes pattern secret that she might just share during a night battle if you win.\nArtist: Karo (カロ)";"Fight for the Sweetie with a Stars and Stripes pattern secret that she might just share during a night battle if you win.\nArtist: Karo (カロ)";"Fight for the Sweetie with a Stars and Stripes pattern secret that she might just share during a night battle if you win.\nArtist: Karo (カロ)";"Fight for the Sweetie with a Stars and Stripes pattern secret that she might just share during a night battle if you win.\nArtist: Karo (カロ)";"Fight for the Sweetie with a Stars and Stripes pattern secret that she might just share during a night battle if you win.\nArtist: Karo (カロ)";;;
"attachables/decor_dakimakura_anime_ussr";"Motherland Maiden dakimakura";"Motherland Maiden dakimakura";"Motherland Maiden dakimakura";"Motherland Maiden dakimakura";"Motherland Maiden dakimakura";"Motherland Maiden dakimakura";"Motherland Maiden dakimakura";"Motherland Maiden dakimakura";"Motherland Maiden dakimakura";"Motherland Maiden dakimakura";"Motherland Maiden dakimakura";"Motherland Maiden dakimakura";"Motherland Maiden dakimakura";"Motherland Maiden dakimakura";"Motherland Maiden dakimakura";"Motherland Maiden dakimakura";"Motherland Maiden dakimakura";"Motherland Maiden dakimakura";"Motherland Maiden dakimakura";"Motherland Maiden dakimakura";;;
"attachables/decor_dakimakura_anime_ussr/desc";"Some fight for their Motherland while others fight for their Maiden. If you defend both she might just show you some true red passion.\nArtist: Karo (カロ)";"Some fight for their Motherland while others fight for their Maiden. If you defend both she might just show you some true red passion.\nArtist: Karo (カロ)";"Some fight for their Motherland while others fight for their Maiden. If you defend both she might just show you some true red passion.\nArtist: Karo (カロ)";"Some fight for their Motherland while others fight for their Maiden. If you defend both she might just show you some true red passion.\nArtist: Karo (カロ)";"Some fight for their Motherland while others fight for their Maiden. If you defend both she might just show you some true red passion.\nArtist: Karo (カロ)";"Some fight for their Motherland while others fight for their Maiden. If you defend both she might just show you some true red passion.\nArtist: Karo (カロ)";"Some fight for their Motherland while others fight for their Maiden. If you defend both she might just show you some true red passion.\nArtist: Karo (カロ)";"Some fight for their Motherland while others fight for their Maiden. If you defend both she might just show you some true red passion.\nArtist: Karo (カロ)";"Some fight for their Motherland while others fight for their Maiden. If you defend both she might just show you some true red passion.\nArtist: Karo (カロ)";"Some fight for their Motherland while others fight for their Maiden. If you defend both she might just show you some true red passion.\nArtist: Karo (カロ)";"Some fight for their Motherland while others fight for their Maiden. If you defend both she might just show you some true red passion.\nArtist: Karo (カロ)";"Some fight for their Motherland while others fight for their Maiden. If you defend both she might just show you some true red passion.\nArtist: Karo (カロ)";"Some fight for their Motherland while others fight for their Maiden. If you defend both she might just show you some true red passion.\nArtist: Karo (カロ)";"Some fight for their Motherland while others fight for their Maiden. If you defend both she might just show you some true red passion.\nArtist: Karo (カロ)";"Some fight for their Motherland while others fight for their Maiden. If you defend both she might just show you some true red passion.\nArtist: Karo (カロ)";"Some fight for their Motherland while others fight for their Maiden. If you defend both she might just show you some true red passion.\nArtist: Karo (カロ)";"Some fight for their Motherland while others fight for their Maiden. If you defend both she might just show you some true red passion.\nArtist: Karo (カロ)";"Some fight for their Motherland while others fight for their Maiden. If you defend both she might just show you some true red passion.\nArtist: Karo (カロ)";"Some fight for their Motherland while others fight for their Maiden. If you defend both she might just show you some true red passion.\nArtist: Karo (カロ)";"Some fight for their Motherland while others fight for their Maiden. If you defend both she might just show you some true red passion.\nArtist: Karo (カロ)";;;
"attachables/beretta_ar_70_90";"AR 70/90";"AR 70/90";"AR 70/90";"AR 70/90";"AR 70/90";"AR 70/90";"AR 70/90";"AR 70/90";"AR 70/90";"AR 70/90";"AR 70/90";"AR 70/90";"AR 70/90";"AR 70/90";"AR 70/90";"AR 70/90";"AR 70/90";"AR 70/90";"AR 70/90";"AR 70/90";;;
"attachables/beretta_ar_70_90/desc";"Assault Rifle 70/90";"Assault Rifle 70/90";"Assault Rifle 70/90";"Assault Rifle 70/90";"Assault Rifle 70/90";"Assault Rifle 70/90";"Assault Rifle 70/90";"Assault Rifle 70/90";"Assault Rifle 70/90";"Assault Rifle 70/90";"Assault Rifle 70/90";"Assault Rifle 70/90";"Assault Rifle 70/90";"Assault Rifle 70/90";"Assault Rifle 70/90";"Assault Rifle 70/90";"Assault Rifle 70/90";"Assault Rifle 70/90";"Assault Rifle 70/90";"Assault Rifle 70/90";;;
//
"battlepass_season1_purchased_main/name";"Snail Pass №1 \n""75th Anniversary of the Great Victory""";"Snail Pass №1 \n""75th Anniversary of the Great Victory""";"Snail Pass №1 \n""75th Anniversary of the Great Victory""";"Snail Pass №1 \n""75th Anniversary of the Great Victory""";"Snail Pass №1 \n""75th Anniversary of the Great Victory""";"Snail Pass №1 \n""75th Anniversary of the Great Victory""";"Snail Pass №1 \n""75th Anniversary of the Great Victory""";"Snail Pass №1 \n""75th Anniversary of the Great Victory""";"Snail Pass №1 \n""75th Anniversary of the Great Victory""";"Snail Pass №1 \n""75th Anniversary of the Great Victory""";"Snail Pass №1 \n""75th Anniversary of the Great Victory""";"Snail Pass №1 \n""75th Anniversary of the Great Victory""";"Snail Pass №1 \n""75th Anniversary of the Great Victory""";"Snail Pass №1 \n""75th Anniversary of the Great Victory""";"Snail Pass №1 \n""75th Anniversary of the Great Victory""";"Snail Pass №1 \n""75th Anniversary of the Great Victory""";"Snail Pass №1 \n""75th Anniversary of the Great Victory""";"Snail Pass №1 \n""75th Anniversary of the Great Victory""";"Snail Pass №1 \n""75th Anniversary of the Great Victory""";"Snail Pass №1 \n""75th Anniversary of the Great Victory""";;;
"battlepass_season2_purchased_main/name";"Snail Pass №2 \n""Steel Centurion""";"Snail Pass №2 \n""Steel Centurion""";"Snail Pass №2 \n""Steel Centurion""";"Snail Pass №2 \n""Steel Centurion""";"Snail Pass №2 \n""Steel Centurion""";"Snail Pass №2 \n""Steel Centurion""";"Snail Pass №2 \n""Steel Centurion""";"Snail Pass №2 \n""Steel Centurion""";"Snail Pass №2 \n""Steel Centurion""";"Snail Pass №2 \n""Steel Centurion""";"Snail Pass №2 \n""Steel Centurion""";"Snail Pass №2 \n""Steel Centurion""";"Snail Pass №2 \n""Steel Centurion""";"Snail Pass №2 \n""Steel Centurion""";"Snail Pass №2 \n""Steel Centurion""";"Snail Pass №2 \n""Steel Centurion""";"Snail Pass №2 \n""Steel Centurion""";"Snail Pass №2 \n""Steel Centurion""";"Snail Pass №2 \n""Steel Centurion""";"Snail Pass №2 \n""Steel Centurion""";;;
"battlepass_season3_purchased_main/name";"Snail Pass №3 \n""Strength Athletics""";"Snail Pass №3 \n""Strength Athletics""";"Snail Pass №3 \n""Strength Athletics""";"Snail Pass №3 \n""Strength Athletics""";"Snail Pass №3 \n""Strength Athletics""";"Snail Pass №3 \n""Strength Athletics""";"Snail Pass №3 \n""Strength Athletics""";"Snail Pass №3 \n""Strength Athletics""";"Snail Pass №3 \n""Strength Athletics""";"Snail Pass №3 \n""Strength Athletics""";"Snail Pass №3 \n""Strength Athletics""";"Snail Pass №3 \n""Strength Athletics""";"Snail Pass №3 \n""Strength Athletics""";"Snail Pass №3 \n""Strength Athletics""";"Snail Pass №3 \n""Strength Athletics""";"Snail Pass №3 \n""Strength Athletics""";"Snail Pass №3 \n""Strength Athletics""";"Snail Pass №3 \n""Strength Athletics""";"Snail Pass №3 \n""Strength Athletics""";"Snail Pass №3 \n""Strength Athletics""";;;
"battlepass_season4_purchased_main/name";"Snail Pass №4 \n""Fearless Voltigeur""";"Snail Pass №4 \n""Fearless Voltigeur""";"Snail Pass №4 \n""Fearless Voltigeur""";"Snail Pass №4 \n""Fearless Voltigeur""";"Snail Pass №4 \n""Fearless Voltigeur""";"Snail Pass №4 \n""Fearless Voltigeur""";"Snail Pass №4 \n""Fearless Voltigeur""";"Snail Pass №4 \n""Fearless Voltigeur""";"Snail Pass №4 \n""Fearless Voltigeur""";"Snail Pass №4 \n""Fearless Voltigeur""";"Snail Pass №4 \n""Fearless Voltigeur""";"Snail Pass №4 \n""Fearless Voltigeur""";"Snail Pass №4 \n""Fearless Voltigeur""";"Snail Pass №4 \n""Fearless Voltigeur""";"Snail Pass №4 \n""Fearless Voltigeur""";"Snail Pass №4 \n""Fearless Voltigeur""";"Snail Pass №4 \n""Fearless Voltigeur""";"Snail Pass №4 \n""Fearless Voltigeur""";"Snail Pass №4 \n""Fearless Voltigeur""";"Snail Pass №4 \n""Fearless Voltigeur""";;;
"battlepass_season5_purchased_main/name";"Snail Pass №5 \n""River Hunter""";"Snail Pass №5 \n""River Hunter""";"Snail Pass №5 \n""River Hunter""";"Snail Pass №5 \n""River Hunter""";"Snail Pass №5 \n""River Hunter""";"Snail Pass №5 \n""River Hunter""";"Snail Pass №5 \n""River Hunter""";"Snail Pass №5 \n""River Hunter""";"Snail Pass №5 \n""River Hunter""";"Snail Pass №5 \n""River Hunter""";"Snail Pass №5 \n""River Hunter""";"Snail Pass №5 \n""River Hunter""";"Snail Pass №5 \n""River Hunter""";"Snail Pass №5 \n""River Hunter""";"Snail Pass №5 \n""River Hunter""";"Snail Pass №5 \n""River Hunter""";"Snail Pass №5 \n""River Hunter""";"Snail Pass №5 \n""River Hunter""";"Snail Pass №5 \n""River Hunter""";"Snail Pass №5 \n""River Hunter""";;;
"battlepass_season6_purchased_main/name";"Snail Pass №6 \n""Firepower""";"Snail Pass №6 \n""Firepower""";"Snail Pass №6 \n""Firepower""";"Snail Pass №6 \n""Firepower""";"Snail Pass №6 \n""Firepower""";"Snail Pass №6 \n""Firepower""";"Snail Pass №6 \n""Firepower""";"Snail Pass №6 \n""Firepower""";"Snail Pass №6 \n""Firepower""";"Snail Pass №6 \n""Firepower""";"Snail Pass №6 \n""Firepower""";"Snail Pass №6 \n""Firepower""";"Snail Pass №6 \n""Firepower""";"Snail Pass №6 \n""Firepower""";"Snail Pass №6 \n""Firepower""";"Snail Pass №6 \n""Firepower""";"Snail Pass №6 \n""Firepower""";"Snail Pass №6 \n""Firepower""";"Snail Pass №6 \n""Firepower""";"Snail Pass №6 \n""Firepower""";;;
"battlepass_season7_purchased_main/name";"Snail Pass №7 \n""Armored Elephant""";"Snail Pass №7 \n""Armored Elephant""";"Snail Pass №7 \n""Armored Elephant""";"Snail Pass №7 \n""Armored Elephant""";"Snail Pass №7 \n""Armored Elephant""";"Snail Pass №7 \n""Armored Elephant""";"Snail Pass №7 \n""Armored Elephant""";"Snail Pass №7 \n""Armored Elephant""";"Snail Pass №7 \n""Armored Elephant""";"Snail Pass №7 \n""Armored Elephant""";"Snail Pass №7 \n""Armored Elephant""";"Snail Pass №7 \n""Armored Elephant""";"Snail Pass №7 \n""Armored Elephant""";"Snail Pass №7 \n""Armored Elephant""";"Snail Pass №7 \n""Armored Elephant""";"Snail Pass №7 \n""Armored Elephant""";"Snail Pass №7 \n""Armored Elephant""";"Snail Pass №7 \n""Armored Elephant""";"Snail Pass №7 \n""Armored Elephant""";"Snail Pass №7 \n""Armored Elephant""";;;
"battlepass_season8_purchased_main/name";"Snail Pass №8 \n""Field Testing""";"Snail Pass №8 \n""Field Testing""";"Snail Pass №8 \n""Field Testing""";"Snail Pass №8 \n""Field Testing""";"Snail Pass №8 \n""Field Testing""";"Snail Pass №8 \n""Field Testing""";"Snail Pass №8 \n""Field Testing""";"Snail Pass №8 \n""Field Testing""";"Snail Pass №8 \n""Field Testing""";"Snail Pass №8 \n""Field Testing""";"Snail Pass №8 \n""Field Testing""";"Snail Pass №8 \n""Field Testing""";"Snail Pass №8 \n""Field Testing""";"Snail Pass №8 \n""Field Testing""";"Snail Pass №8 \n""Field Testing""";"Snail Pass №8 \n""Field Testing""";"Snail Pass №8 \n""Field Testing""";"Snail Pass №8 \n""Field Testing""";"Snail Pass №8 \n""Field Testing""";"Snail Pass №8 \n""Field Testing""";;;
"battlepass_season9_purchased_main/name";"Snail Pass №9 \n""Smell of Victory""";"Snail Pass №9 \n""Smell of Victory""";"Snail Pass №9 \n""Smell of Victory""";"Snail Pass №9 \n""Smell of Victory""";"Snail Pass №9 \n""Smell of Victory""";"Snail Pass №9 \n""Smell of Victory""";"Snail Pass №9 \n""Smell of Victory""";"Snail Pass №9 \n""Smell of Victory""";"Snail Pass №9 \n""Smell of Victory""";"Snail Pass №9 \n""Smell of Victory""";"Snail Pass №9 \n""Smell of Victory""";"Snail Pass №9 \n""Smell of Victory""";"Snail Pass №9 \n""Smell of Victory""";"Snail Pass №9 \n""Smell of Victory""";"Snail Pass №9 \n""Smell of Victory""";"Snail Pass №9 \n""Smell of Victory""";"Snail Pass №9 \n""Smell of Victory""";"Snail Pass №9 \n""Smell of Victory""";"Snail Pass №9 \n""Smell of Victory""";"Snail Pass №9 \n""Smell of Victory""";;;
"battlepass_season10_purchased_main/name";"Snail Pass №10 \n""Royal Guard""";"Snail Pass №10 \n""Royal Guard""";"Snail Pass №10 \n""Royal Guard""";"Snail Pass №10 \n""Royal Guard""";"Snail Pass №10 \n""Royal Guard""";"Snail Pass №10 \n""Royal Guard""";"Snail Pass №10 \n""Royal Guard""";"Snail Pass №10 \n""Royal Guard""";"Snail Pass №10 \n""Royal Guard""";"Snail Pass №10 \n""Royal Guard""";"Snail Pass №10 \n""Royal Guard""";"Snail Pass №10 \n""Royal Guard""";"Snail Pass №10 \n""Royal Guard""";"Snail Pass №10 \n""Royal Guard""";"Snail Pass №10 \n""Royal Guard""";"Snail Pass №10 \n""Royal Guard""";"Snail Pass №10 \n""Royal Guard""";"Snail Pass №10 \n""Royal Guard""";"Snail Pass №10 \n""Royal Guard""";"Snail Pass №10 \n""Royal Guard""";;;
"battlepass_season11_purchased_main/name";"Snail Pass №11 \n""Her Majesty's Hussar""";"Snail Pass №11 \n""Her Majesty's Hussar""";"Snail Pass №11 \n""Her Majesty's Hussar""";"Snail Pass №11 \n""Her Majesty's Hussar""";"Snail Pass №11 \n""Her Majesty's Hussar""";"Snail Pass №11 \n""Her Majesty's Hussar""";"Snail Pass №11 \n""Her Majesty's Hussar""";"Snail Pass №11 \n""Her Majesty's Hussar""";"Snail Pass №11 \n""Her Majesty's Hussar""";"Snail Pass №11 \n""Her Majesty's Hussar""";"Snail Pass №11 \n""Her Majesty's Hussar""";"Snail Pass №11 \n""Her Majesty's Hussar""";"Snail Pass №11 \n""Her Majesty's Hussar""";"Snail Pass №11 \n""Her Majesty's Hussar""";"Snail Pass №11 \n""Her Majesty's Hussar""";"Snail Pass №11 \n""Her Majesty's Hussar""";"Snail Pass №11 \n""Her Majesty's Hussar""";"Snail Pass №11 \n""Her Majesty's Hussar""";"Snail Pass №11 \n""Her Majesty's Hussar""";"Snail Pass №11 \n""Her Majesty's Hussar""";;;
"battlepass_season12_purchased_main/name";"Snail Pass №12 \n""Armour-Breaking Ambusher""";"Snail Pass №12 \n""Armour-Breaking Ambusher""";"Snail Pass №12 \n""Armour-Breaking Ambusher""";"Snail Pass №12 \n""Armour-Breaking Ambusher""";"Snail Pass №12 \n""Armour-Breaking Ambusher""";"Snail Pass №12 \n""Armour-Breaking Ambusher""";"Snail Pass №12 \n""Armour-Breaking Ambusher""";"Snail Pass №12 \n""Armour-Breaking Ambusher""";"Snail Pass №12 \n""Armour-Breaking Ambusher""";"Snail Pass №12 \n""Armour-Breaking Ambusher""";"Snail Pass №12 \n""Armour-Breaking Ambusher""";"Snail Pass №12 \n""Armour-Breaking Ambusher""";"Snail Pass №12 \n""Armour-Breaking Ambusher""";"Snail Pass №12 \n""Armour-Breaking Ambusher""";"Snail Pass №12 \n""Armour-Breaking Ambusher""";"Snail Pass №12 \n""Armour-Breaking Ambusher""";"Snail Pass №12 \n""Armour-Breaking Ambusher""";"Snail Pass №12 \n""Armour-Breaking Ambusher""";"Snail Pass №12 \n""Armour-Breaking Ambusher""";"Snail Pass №12 \n""Armour-Breaking Ambusher""";;;
"battlepass_season13_purchased_main/name";"Snail Pass №13 \n ""Tropical Storm""";"Snail Pass №13 \n ""Tropical Storm""";"Snail Pass №13 \n ""Tropical Storm""";"Snail Pass №13 \n ""Tropical Storm""";"Snail Pass №13 \n ""Tropical Storm""";"Snail Pass №13 \n ""Tropical Storm""";"Snail Pass №13 \n ""Tropical Storm""";"Snail Pass №13 \n ""Tropical Storm""";"Snail Pass №13 \n ""Tropical Storm""";"Snail Pass №13 \n ""Tropical Storm""";"Snail Pass №13 \n ""Tropical Storm""";"Snail Pass №13 \n ""Tropical Storm""";"Snail Pass №13 \n ""Tropical Storm""";"Snail Pass №13 \n ""Tropical Storm""";"Snail Pass №13 \n ""Tropical Storm""";"Snail Pass №13 \n ""Tropical Storm""";"Snail Pass №13 \n ""Tropical Storm""";"Snail Pass №13 \n ""Tropical Storm""";"Snail Pass №13 \n ""Tropical Storm""";"Snail Pass №13 \n ""Tropical Storm""";;;
//
"battlepass_season14_purchased_main/name";"Snail Pass №14 \n ""placeholder""";"Snail Pass №14 \n ""placeholder""";"Snail Pass №14 \n ""placeholder""";"Snail Pass №14 \n ""placeholder""";"Snail Pass №14 \n ""placeholder""";"Snail Pass №14 \n ""placeholder""";"Snail Pass №14 \n ""placeholder""";"Snail Pass №14 \n ""placeholder""";"Snail Pass №14 \n ""placeholder""";"Snail Pass №14 \n ""placeholder""";"Snail Pass №14 \n ""placeholder""";"Snail Pass №14 \n ""placeholder""";"Snail Pass №14 \n ""placeholder""";"Snail Pass №14 \n ""placeholder""";"Snail Pass №14 \n ""placeholder""";"Snail Pass №14 \n ""placeholder""";"Snail Pass №14 \n ""placeholder""";"Snail Pass №14 \n ""placeholder""";"Snail Pass №14 \n ""placeholder""";"Snail Pass №14 \n ""placeholder""";;;
//
"mainmenu/custom_lang_info";"<color=#BEBEBE>LLM</color>";"<color=#BEBEBE>LLM</color>";"<color=#BEBEBE>LLM</color>";"<color=#BEBEBE>LLM</color>";"<color=#BEBEBE>LLM</color>";"Включена пользовательская локализация";"<color=#BEBEBE>LLM</color>";"<color=#BEBEBE>LLM</color>";"<color=#BEBEBE>LLM</color>";"<color=#BEBEBE>LLM</color>";"<color=#BEBEBE>LLM</color>";"<color=#BEBEBE>LLM</color>";"Включена пользовательская локализация";"<color=#BEBEBE>LLM</color>";"<color=#BEBEBE>LLM</color>";"<color=#BEBEBE>LLM</color>";"Включена пользовательская локализация";"<color=#BEBEBE>LLM</color>";"<color=#BEBEBE>LLM</color>";"<color=#BEBEBE>LLM</color>";;;
"mainmenu/custom_lang_info/tooltip";"You are running Leroy's Lang Modification <color=#E61E1E>(V2.31.1)</color>. Bring Kuma bribes if issues are found.";"You are running Leroy's Lang Modification <color=#E61E1E>(V2.31.1)</color>. Bring Kuma bribes if issues are found.";"You are running Leroy's Lang Modification <color=#E61E1E>(V2.31.1)</color>. Bring Kuma bribes if issues are found.";"You are running Leroy's Lang Modification <color=#E61E1E>(V2.31.1)</color>. Bring Kuma bribes if issues are found.";"You are running Leroy's Lang Modification <color=#E61E1E>(V2.31.1)</color>. Bring Kuma bribes if issues are found.";"У вас включена пользовательская локализация. Если некоторые тексты в игре отображаются некорректно, обратитесь к автору установленной пользовательской локализации (мода) или отключите её.";"You are running Leroy's Lang Modification <color=#E61E1E>(V2.31.1)</color>. Bring Kuma bribes if issues are found.";"You are running Leroy's Lang Modification <color=#E61E1E>(V2.31.1)</color>. Bring Kuma bribes if issues are found.";"You are running Leroy's Lang Modification <color=#E61E1E>(V2.31.1)</color>. Bring Kuma bribes if issues are found.";"You are running Leroy's Lang Modification <color=#E61E1E>(V2.31.1)</color>. Bring Kuma bribes if issues are found.";"You are running Leroy's Lang Modification <color=#E61E1E>(V2.31.1)</color>. Bring Kuma bribes if issues are found.";"You are running Leroy's Lang Modification <color=#E61E1E>(V2.31.1)</color>. Bring Kuma bribes if issues are found.";"У вас включена пользовательская локализация. Если некоторые тексты в игре отображаются некорректно, обратитесь к автору установленной пользовательской локализации (мода) или отключите её.";"You are running Leroy's Lang Modification <color=#E61E1E>(V2.31.1)</color>. Bring Kuma bribes if issues are found.";"You are running Leroy's Lang Modification <color=#E61E1E>(V2.31.1)</color>. Bring Kuma bribes if issues are found.";"You are running Leroy's Lang Modification <color=#E61E1E>(V2.31.1)</color>. Bring Kuma bribes if issues are found.";"У вас включена пользовательская локализация. Если некоторые тексты в игре отображаются некорректно, обратитесь к автору установленной пользовательской локализации (мода) или отключите её.";"You are running Leroy's Lang Modification <color=#E61E1E>(V2.31.1)</color>. Bring Kuma bribes if issues are found.";"You are running Leroy's Lang Modification <color=#E61E1E>(V2.31.1)</color>. Bring Kuma bribes if issues are found.";"You are running Leroy's Lang Modification <color=#E61E1E>(V2.31.1)</color>. Bring Kuma bribes if issues are found.";;;
//
"gun";"name";"name";"name";"name";"name";"name";"name";"name";"name";"name";"name";"name";"name";"name";"name";"name";"name";"name";"name";"name";;;
"gun/desc";"description";"description";"description";"description";"description";"description";"description";"description";"description";"description";"description";"description";"description";"description";"description";"description";"description";"description";"description";"description";;;
